Product URL,Product Name,Product Price,Rating,Number of Reviews
https://www.amazon.in/Impulse-rucksack-75-backpack-trekking/dp/B09T9XDQ99,Impulse rucksack bags 75 litres travel bag for men tourist bag for travel backpack for hiking trekking Bag for men camping thames blue bag with 1 Year Warranty,"₹1,166",4.0 out of 5 stars,531
https://www.amazon.in/Chic-Buddy-Waterproof-Swimsuits-Toiletries/dp/B09KSBHC18,"Chic Buddy Waterproof Wet Bag, Washable, Reusable for Travel, Beach, Pool, Stroller, Diapers, Dirty Gym Clothes, Wet Swimsuits, Toiletries",₹299,4.4 out of 5 stars,387
https://www.amazon.in/Sfane-Women-Trendy-Black-Duffel/dp/B07GCR84D9,"Sfane Polyester 9.05 Black Men & Women Trendy Black Sports Duffle Gym Bag, Shoulder Bag",₹327,4.2 out of 5 stars,"1,232"
https://www.amazon.in/Amazon-Basics-Messenger-13-3-Inch-14-Inch/dp/B09WMQ4Y7H,"Amazon Basics- Laptop Messenger Bag for 13.3-Inch, 14-Inch, 15.6 -Inch Laptop Bag for Men and Women",₹499,3.7 out of 5 stars,62
https://www.amazon.in/Impulse-rucksack-60-backpack-trekking/dp/B09TDL9FJ8,Impulse rucksack bags 60 litres travel bag for men tourist bag for travel backpack for hiking trekking Bag for men camping thames blue bag with 1 Year Warranty,₹999,3.9 out of 5 stars,350
https://www.amazon.in/gp/bestsellers/shoes/1983352031/ref=sr_bs_5_1983352031_1,INOVERA (LABEL) Women Handbags Shoulder Hobo Bag Purse With Long Strap,"₹1,299",4.1 out of 5 stars,"8,329"
https://www.amazon.in/Aristocrat-Unisex-Oxford-Fabric-28-82L/dp/B09ZV86P4S,Aristocrat Unisex Black Oxford Fabric 28.82L Laptop Bags,₹754,3.5 out of 5 stars,63
https://www.amazon.in/DZert-Polyester-Black-White-Backpack/dp/B07GXX2BP3,DZert Clasy Laptop Bag College Bag for Boys Girls 21 L Red Black,₹339,3.8 out of 5 stars,"2,504"
https://www.amazon.in/Martucci-Waterproof-Backpack-College-Business/dp/B0BRJRVH6D,Martucci Jersey 45L Casual Waterproof Laptop Backpack/Office Bag/School Bag/College Bag/Business Bag/Unisex Travel Backpack,₹809,3.7 out of 5 stars,165
https://www.amazon.in/Nivia-5227-Junior-Others-Orange/dp/B08D7QKCX5,Nivia Pulse Junior Bag (Orange),₹294,3.7 out of 5 stars,225
https://www.amazon.in/Cosmus-Atomic-Compartment-Large-Laptop/dp/B077NZJ5XZ,COSMUS Atomic Dx 3 Compartment Large Laptop Bag Polyester Laptop Backpack,"₹1,939",4.4 out of 5 stars,"4,090"
https://www.amazon.in/Keywest-Breeze-32L-Resistant-Laptop-Backpack/dp/B0BW64LNZT,Keywest Breeze-32L Water Resistant Laptop bag | Office bag | School bag | Backpack for Men/Women - Fits Up to 17 Inch Laptop Notebook with Reflective Strip,₹399,3.5 out of 5 stars,2
https://www.amazon.in/Fur-Jaden-Charging-Waterproof-BM36_BlueZip/dp/B07MXM5M99,"Fur Jaden 15.6 Inch Laptop Backpack 25 LTR Bag for School, College and Office with USB Charging Port",₹479,3.9 out of 5 stars,"10,306"
https://www.amazon.in/Tinytot-School-Backpack-College-Multipurpose/dp/B09C5JVWCW,Tinytot School Bag School Backpack College Backpack Travel Backpack Office Backpack Multipurpose Backpack Picnic Bag for Boys & Girls,₹589,4.3 out of 5 stars,474
https://www.amazon.in/PAZZO-Alto-40L-Casual-Backpack/dp/B07VT3F795,"PAZZO Alto 40L Casual Backpack - 3 Compartment Travel Backpack, College|School Bag with 1 Year Warranty",₹849,4.0 out of 5 stars,"1,771"
https://www.amazon.in/Kuber-Industries-Carrying-Multi-Purpose-CTKTC034726/dp/B083J6774T,Kuber Industries Rexine Jumbo Attachi Travel Blanket Cover|Travel Duffle|Storage Carrying Bag|Travel Multi-Purpose Bag|Size 58 x 48 x 34 CM (Grey) CTKTC034726,₹399,3.7 out of 5 stars,919
https://www.amazon.in/MuscleBlaze-Duffle-Women-Sports-Weekender/dp/B0C8BBNB8B,"MuscleBlaze Gym Duffle Bag for Women and Men, Sports Bag, Weekender Bag, Black, 30 L",₹449,5.0 out of 5 stars,4
https://www.amazon.in/Polyester-Crossbody-Messenger-Business-Spacious/dp/B09TL193PL,CRALOFT Polyester 11.5 inch Side Bag For Men/Sling Bag/Crossbody Tablet Messenger Bag For Office Business Travel (Extra Spacious),₹529,4.3 out of 5 stars,458
https://www.amazon.in/F-Gear-Circadian-Guc-Black-Casual-Backpack/dp/B084THQXCD,F Gear Circadian Guc Black 27 Ltrs Casual Backpack (3330),₹889,4.2 out of 5 stars,729
https://www.amazon.in/Adjustable-Compartment-Lightweight-Water-Resistant-Travel-Friendly/dp/B0C3RDFPVN,"Amazon Basics Laptop Messenger Bag with Adjustable Shoulder Strap, Padded Compartment & Storage Pockets, Lightweight, Water-Resistant, Travel-Friendly, Fits Up To 15.6"" Laptops (Unisex, Black & Grey)",₹799,4.7 out of 5 stars,988
https://www.amazon.in/PUMA-Limoges-Laptop-Backpack-7548709/dp/B07D5QZ76G,"Puma Laptop Backpack (7548709, Limoges, 22 Ltrs)",₹999,4.3 out of 5 stars,790
https://www.amazon.in/Safari-Swagpack-Backpack-Compartments-Raincover/dp/B09B2633BY,Safari Swagpack 35 Ltrs Large Laptop Backpack With 3 Compartments and Raincover - Blue (SWAGPACK19CBBLU),"₹1,249",3.8 out of 5 stars,489
https://www.amazon.in/Martucci-Laptop-Backpack-College-Reflective/dp/B0B7DT6HY3,Martucci Large 35 L Backpack Spacy Unisex/College/School/Travel Backpack with Rain Cover and Reflective Strip,₹746,4.0 out of 5 stars,"1,224"
https://www.amazon.in/Gear-Expandable-RainCover-Grey-Black-TLPTURBO00401/dp/B097KDRZ67,Gear Turbo 45L Expandable Water Resistant Antitheft Laptop Bag/Backpack/Briefcase For Men/Women With Raincover (Grey),Not available,4.4 out of 5 stars,"1,074"
https://www.amazon.in/Glowic-Hopping-Shoulder-Handbags-WBAG-34/dp/B09HHNZ47K,"Glowic Hopping Grocery, Travel, Beach | Shoulder Handbags Women, College Bags for Girls Stylish Trendy(WBAG-34) (Multi Colour)",₹459,3.7 out of 5 stars,432
https://www.amazon.in/Wildcraft-Polyester-Black-Laptop-8903338054290/dp/B012D4QKHW,Wildcraft 44 cms Polyester Black Laptop Bag (8903338054290),"₹1,539",4.3 out of 5 stars,678
https://www.amazon.in/ADISA-Laptop-Backpack-Office-College/dp/B0BPVCBFM7,ADISA 32L Large Laptop Backpack Office Bag College Travel Back Pack with rain Cover (Green),₹646,3.8 out of 5 stars,271
https://www.amazon.in/Gear-DOUBLE-DECKER-Resistant-Backpack/dp/B0BTJ3WTMV,Gear DOUBLE DECKER 31L Water Resistant Laptop Bag/Backpack/Office Bag for Men/Women (Black),"₹1,399",4.1 out of 5 stars,21
https://www.amazon.in/ADISA-Laptop-Backpack-Office-College/dp/B0BXQD8DZX,ADISA Large Laptop Backpack Office Bag College Travel Back Pack with USB (Grey),₹599,3.8 out of 5 stars,85
https://www.amazon.in/Veneer-Backpack-Fashion-Leather-College/dp/B09BMG8R6Y,"Veneer Medium 20 L Laptop Backpack Men Womens Girls Fashion PU Leather Mini Casual Backpack Bags for School, College, Tuition, Office Bag",₹998,4.2 out of 5 stars,931
https://www.amazon.in/Waterproof-Backpack-Students-adjustable-Compartment/dp/B09V5HRYR7,CAPRIFF 32 L Casual Waterproof Laptop Bag/Backpack for Men Boys & Girls For Office School College Teens & Students with Rain Cover With adjustable Strap With 2 Compartment,₹699,3.8 out of 5 stars,"3,104"
https://www.amazon.in/Hilfiger-Connor-Backpack-TH-CONNORLAP07/dp/B07N99SXB1,Tommy Hilfiger Connor Laptop Backpack,"₹1,649",4.1 out of 5 stars,127
https://www.amazon.in/Polyester-Crossbody-Messenger-Business-Spacious/dp/B09TL193PL,CRALOFT Polyester 11.5 inch Side Bag For Men/Sling Bag/Crossbody Tablet Messenger Bag For Office Business Travel (Extra Spacious),₹529,4.3 out of 5 stars,458
https://www.amazon.in/PUMA-Limoges-Laptop-Backpack-7548709/dp/B07D5QZ76G,"Puma Laptop Backpack (7548709, Limoges, 22 Ltrs)",₹999,4.3 out of 5 stars,790
https://www.amazon.in/Fast-Travel-partition-Collage-Backpack/dp/B0BM7C4HG3,Fast Travel Use For School Bag Class 6-10 Large 4 partition 55 L Laptop Collage Office Travel Backpack Unisex,₹595,4.0 out of 5 stars,29
https://www.amazon.in/AirCase-C25-Messenger-Shoulder-Compartments/dp/B07X6DV3VM,"AirCase Office Messenger Sling Bag fits upto 15.6"" Laptop/Macbook, Detachable Shoulder Strap, Waterproof, Shockproof, Carry Handle with Spacious Pockets, For Men & Women, Blue- with Warranty",₹949,3.9 out of 5 stars,"1,339"
https://www.amazon.in/STRAUSS-Jute-Yoga-Shoulder-Strap/dp/B0BBWM221J,"STRAUSS Yoga Mat Bag Cover with Shoulder Strap with Pocket for Men & Women, Drawstring and Full Zip,(Multicolor)",₹179,3.6 out of 5 stars,740
https://www.amazon.in/MOKOBARA-THABF12CSC22001-Briefcase-Surf-Camp/dp/B08SWM8XVW,"MOKOBARA The Briefcase - 15.6"" Blue Laptop Messenger Bag for Men & Women","₹5,999",4.4 out of 5 stars,321
https://www.amazon.in/Wildcraft-Polyester-Black-Laptop-8903338054290/dp/B012D4QKHW,Wildcraft 44 cms Polyester Black Laptop Bag (8903338054290),"₹1,539",4.3 out of 5 stars,678
https://www.amazon.in/uppercase-Backpack-2300EBP1-repellent-sustainable/dp/B0B69M182Q,"uppercase Medium 17 Ltrs Vegan Leather (upto 14 inch) Laptop Backpack 2300EBP1 3x more water resistant sustainable bags with rain proof zippers for Men, Women, Boys and Girls, 750 Days warranty","₹1,600",4.1 out of 5 stars,509
https://www.amazon.in/Lunars-Small-Bag-Daily-Use/dp/B08N47VTFQ,Lunar's Small Bag for Daily Use - 1 Compartment Mini Backpack for Hiking Camping Rucksack (Black),₹339,3.9 out of 5 stars,567
https://www.amazon.in/AirCase-Messenger-Detachable-Compartments-Repellent/dp/B0B74Z4F6P,"AirCase Premium Messenger Bag fits Upto 14.1"" Laptop/MacBook with Handles & Detachable Shoulder Strap |Multiple Spacious Compartments | 2 in 1 Usage | Water Repellent Durable Polyester (Grey)",₹529,3.5 out of 5 stars,67
https://www.amazon.in/Storite-Laptop-Shoulder-Messenger-Bag/dp/B08WZ9KP7Q,"Storite Multi-Pocket 15.6 Inch PU Leather Laptop Bag for Men, Shoulder Sling Business Messenger Office Bag Carrying Notebook, Tablet Handbags for Women","₹1,299",3.7 out of 5 stars,397
https://www.amazon.in/Hilfiger-Connor-Backpack-TH-CONNORLAP07/dp/B07N99SXB1,Tommy Hilfiger Connor Laptop Backpack,"₹1,649",4.1 out of 5 stars,127
https://www.amazon.in/Caprese-Yondella-Womens-Sling-Saddle/dp/B07B9FBW3C,Caprese Yondella Women's Sling Bag (Saddle),"₹1,185",4.3 out of 5 stars,355
https://www.amazon.in/ADISA-BP004-Weight-Casual-Backpack/dp/B07G3F1G7T,ADISA Laptop Backpack 31 Ltrs,₹499,4.0 out of 5 stars,"8,980"
https://www.amazon.in/American-Tourister-FS0-11-001/dp/B07S13P8BW,American Tourister Spin 49 cms Teal Laptop Backpack,"₹1,699",4.0 out of 5 stars,"1,479"
https://www.amazon.in/Kenneth-Cole-Reaction-Polyester-Backpack/dp/B07GX3PWNK,"Kenneth Cole Reaction Women's Chevron Quilted Polyester Twill 15.6"" Laptop Backpack, Midnight Black, One Size","₹4,818",4.7 out of 5 stars,"3,647"
